"Agency","Percent"
"USDA",23.6809435133457
"DOC",10.9248913718187
"DOD",0.0620732464307883
"DOE",1.48975791433892
"HHS",12.7250155183116
"DOI",38.7957790192427
"DOL",0.434512725015518
"DOT",2.1104903786468
"CPSC",0.186219739292365
"EPA",7.23153320918684
"FCC",0.37243947858473
"DOJ",0.0931098696461825
"NASA",0.0931098696461825
"SBA",0.0620732464307883
"STATE",1.67597765363128
"CFPB",0.0620732464307883
